{
  "timestamp": "20250921_221449",
  "model_file": "exhibition_model_20250921_221449.pth",
  "encoder_file": "exhibition_encoder_20250921_221449.pkl",
  "input_size": [
    48,
    48
  ],
  "num_classes": 18,
  "classes": [
    "අ",
    "ඔ",
    "ක",
    "ග",
    "ට",
    "ත",
    "ද",
    "න",
    "ප",
    "බ",
    "ම",
    "ය",
    "ර",
    "ල",
    "ව",
    "ස",
    "හ",
    "ෙ"
  ],
  "char_stats": {
    "ප": {
      "avg_width": 92.75,
      "avg_height": 81.75,
      "std_width": 12.43734296383275,
      "std_height": 8.78564169540279,
      "count": 4,
      "aspect_ratios": [
        0.8555555555555555,
        1.4864864864864864,
        1.1944444444444444,
        1.0769230769230769
      ]
    },
    "හ": {
      "avg_width": 113.2,
      "avg_height": 76.6,
      "std_width": 22.229709849658406,
      "std_height": 7.552483035399682,
      "count": 5,
      "aspect_ratios": [
        1.8194444444444444,
        2.276923076923077,
        1.2727272727272727,
        1.108433734939759,
        1.127906976744186
      ]
    },
    "න": {
      "avg_width": 103.55555555555556,
      "avg_height": 90.55555555555556,
      "std_width": 8.207193472275284,
      "std_height": 7.704415921493207,
      "count": 9,
      "aspect_ratios": [
        1.1546391752577319,
        1.04,
        1.1758241758241759,
        1.0595238095238095,
        1.2470588235294118,
        1.1473684210526316,
        1.2162162162162162,
        1.1770833333333333,
        1.096774193548387
      ]
    },
    "ල": {
      "avg_width": 87.5,
      "avg_height": 86.5,
      "std_width": 3.5,
      "std_height": 5.5,
      "count": 2,
      "aspect_ratios": [
        0.9891304347826086,
        1.037037037037037
      ]
    },
    "ට": {
      "avg_width": 77.0,
      "avg_height": 113.0,
      "std_width": 0.0,
      "std_height": 0.0,
      "count": 1,
      "aspect_ratios": [
        0.6814159292035398
      ]
    },
    "ග": {
      "avg_width": 89.66666666666667,
      "avg_height": 70.66666666666667,
      "std_width": 11.585431464655178,
      "std_height": 11.728408057172787,
      "count": 3,
      "aspect_ratios": [
        1.6153846153846154,
        0.8850574712643678,
        1.45
      ]
    },
    "ස": {
      "avg_width": 103.375,
      "avg_height": 83.0,
      "std_width": 6.343057228182637,
      "std_height": 7.582875444051551,
      "count": 8,
      "aspect_ratios": [
        1.2222222222222223,
        1.1927710843373494,
        1.408450704225352,
        1.3571428571428572,
        1.1529411764705881,
        1.2921348314606742,
        1.197674418604651,
        1.1888888888888889
      ]
    },
    "ෙ": {
      "avg_width": 73.42857142857143,
      "avg_height": 76.85714285714286,
      "std_width": 5.827450872677468,
      "std_height": 9.862317482338975,
      "count": 7,
      "aspect_ratios": [
        1.0256410256410255,
        0.92,
        0.9605263157894737,
        0.9875,
        1.0833333333333333,
        0.9315068493150684,
        0.8333333333333334
      ]
    },
    "ය": {
      "avg_width": 93.5,
      "avg_height": 83.5,
      "std_width": 12.5,
      "std_height": 3.5,
      "count": 2,
      "aspect_ratios": [
        1.0125,
        1.2183908045977012
      ]
    },
    "ක": {
      "avg_width": 121.5,
      "avg_height": 92.25,
      "std_width": 9.17877987534291,
      "std_height": 4.437059837324712,
      "count": 4,
      "aspect_ratios": [
        1.3505154639175259,
        1.1702127659574468,
        1.5294117647058822,
        1.2365591397849462
      ]
    },
    "ව": {
      "avg_width": 92.0,
      "avg_height": 91.25,
      "std_width": 13.095800853708795,
      "std_height": 3.418698582794336,
      "count": 4,
      "aspect_ratios": [
        1.0,
        1.0,
        0.8555555555555555,
        1.1649484536082475
      ]
    },
    "ම": {
      "avg_width": 78.75,
      "avg_height": 84.625,
      "std_width": 14.863966496194749,
      "std_height": 11.499320632106924,
      "count": 8,
      "aspect_ratios": [
        1.0,
        0.9852941176470589,
        0.95,
        0.9120879120879121,
        0.5346534653465347,
        0.9761904761904762,
        1.2117647058823529,
        0.9696969696969697
      ]
    },
    "ද": {
      "avg_width": 80.0,
      "avg_height": 100.0,
      "std_width": 11.0,
      "std_height": 1.0,
      "count": 2,
      "aspect_ratios": [
        0.6831683168316832,
        0.9191919191919192
      ]
    },
    "ර": {
      "avg_width": 83.2,
      "avg_height": 95.6,
      "std_width": 7.277362159464101,
      "std_height": 4.923413450036469,
      "count": 5,
      "aspect_ratios": [
        0.8260869565217391,
        0.8777777777777778,
        0.801980198019802,
        0.8137254901960784,
        1.043010752688172
      ]
    },
    "බ": {
      "avg_width": 113.0,
      "avg_height": 92.0,
      "std_width": 0.0,
      "std_height": 0.0,
      "count": 1,
      "aspect_ratios": [
        1.2282608695652173
      ]
    },
    "ඔ": {
      "avg_width": 99.0,
      "avg_height": 89.0,
      "std_width": 0.0,
      "std_height": 0.0,
      "count": 1,
      "aspect_ratios": [
        1.1123595505617978
      ]
    },
    "ත": {
      "avg_width": 97.0,
      "avg_height": 74.0,
      "std_width": 3.0,
      "std_height": 8.0,
      "count": 2,
      "aspect_ratios": [
        1.5151515151515151,
        1.146341463414634
      ]
    },
    "අ": {
      "avg_width": 82.0,
      "avg_height": 102.0,
      "std_width": 0.0,
      "std_height": 0.0,
      "count": 1,
      "aspect_ratios": [
        0.803921568627451
      ]
    }
  },
  "total_annotations": 69,
  "framework": "pytorch",
  "torch_version": "2.8.0+cpu",
  "device": "cpu",
  "images": [
    "E:\\OCR1\\Watage_2.png",
    "E:\\OCR1\\Screenshot 2025-09-12 125450.png"
  ]
}